Product Name,Adspy,Competition,First Appearance Date,Compeition Checklist,,Result
Wicked For Good Tumbler,https://www.pipiads.com/product-search/68e9773876337861bef2b330/,https://babies-amity.com/products/wicked-for-good-tumbler?ttclid=E_C_P_CtgB0JhPQ9ItgWKG191xlcRubVXtqQuMKgauU8JR2RoeyRl01jaycQMXgxcM4UZlQScYYYrYxzMJ-qsee7r4sRLIkMa4xstUhuZ5vaIoDB8zCRNncLBQpOF-Z3RKotpKKRMI7WEeS1x7J_LeJrqrt8GF1fuM_ExTQfFtrWrxxaX3bhd_hgfDr3IVptbsMwHE0W1V9lliZdr10IBjlU19IU4L939rGTh1CJRb8S_zaPs8nJNVJEdz5zpnIKkmgthrbma-Lzm0wU8GEt3e2TdHNaJe137iSh2aN2mtEgR2Mi4w&utm_campaign=WickedxOwala+-+US%2C+UK%2C+CA%2C+AU&utm_id=1845626579224626&utm_medium=paid&utm_source=tiktok,"Product was created on October 10th, earliest ad seen launched on October 11th. Product as generated 840k Impressions. Writing this as of October 12th 9PM.","Keyword search the products tab on Pipiads
",TRUE,"Only 1 other competitor found - https://shopeloria.com/products/wicked-for-good-free-sip-bottle

Page not found upon checking on the 12th, they launched on the 10th same time as main competitor. And only ran it for 1 day"
,,,,Image search on PiPi ADS (USE MULTIPLE IMAGES),TRUE,Would've found veloraeco.com if I used this method. Almost missed it
,,,,Image search on PiPi Products (USE MULTIPLE IMAGES),TRUE,"3 Competitors found - first apperance launch date was the 2nd October by this person, but their shop was closed / shutdown at least on the 11th/12th October:
https://lavoriaa.shop/products/freesip-water-bottle

(This person didn't scale, and cut it on the 9th October)
https://www.soriellee.org/products/wicked-32oz-freesip

(This person is trying to scale, and launched on teh 10th October)
https://sparkzya.com/products/sip-for-good

(Tested on the 8th, no shipping on stopped within one day. Tried a BOGO Offer)
celestiafashion.com/products/wicked-for-good-freesip-32oz"
,,,,Google image search + Cross check on ads library,TRUE,No US Stores found
,,,,"Product name + ""powered by shrine""",TRUE,"veloraeco.com and yes they're scaling and found the product on the 7th October. Generated 3.5M Impressions since then 7th, writing this on the 12 October"
,,,,"Product name + ""my.shopify.com""",TRUE,Nothing found
,,,,,,
Conclusion,,,,,,
"Run the product. Because even though there's in total 4th failed / low scale competitors. There's proof of scale by 2 main competitors, We're late by 5 days in total since the 7th, launched by Velora and scaled to 3.5M impressions. baby-ameties competitor launched on the 10th and scaling to 800k impressions. So I'll be 3rd scaler",,,,,,
,,,,,,
,,,,,,
Product Name,Adspy,Competition,First Appearance Date,Compeition Checklist,,Result
Purse,https://www.pipiads.com/product-search/68e790e876337861bef2996a/,https://urbanglaam.com/products/vanity-chain-pouch?utm_source=tiktok&utm_medium=paid&utm_id=1845421042919490&utm_campaign=BID+20%24+Vanity-S%2B+CPA+1&ttclid=E_C_P_Ct4Bs7PpO8E_ihYG1AgUY1B9TjVx1WrpIKaPMOWLc3pb-iz7zraAiZbr5R2nqDtg9Deye5lc9DDVwq8nX4N78BZu0km-dHt5TbyhGibJcF4YmQQu7W3x4fvxfRDJmVyG2K5ZBR6PRfz3B-fdbYhGnlR-gw0ph1_ZqsyXnENQbZm25iCcQ9ENSp9yA6Wt3pjMRHuczgaJ-82I0TAEDW_aG0lkFNxADmMuVzUngULS20lFnHee8kn_8l8nsVtTrsOADH3nbC4HEA-mMdOI_6KK3tsayEf5Vk5xVe25yw2OyHe_EgR2Mi4w,"Launched on the 7th,still scaling. Only 1.2M total impressions for this product","Search keyword on Ads / Products section on Pipiads
",TRUE,"Wrote the name on ads section, nothing. Wrote the name on product section and only found the main comp."
,,,,Image search on PiPi ADS (USE MULTIPLE IMAGES),TRUE,"None, selling the same SKU. Similar ish product called the Nano speedy bag, but not the vanity pouch"
,,,,Image search on PiPi Products (USE MULTIPLE IMAGES),TRUE,"None, selling the exact same model. Different type of bags sold in EU scaled back in March and August

Only 1 person tried to sell the same SKU, the white version on Meta and flopped heavy"
,,,,Google image search,FALSE,"Only found legit sellers on google image seach. Great for product photos

Great photos: https://www.manfrimstore.com.br/products/necessaire-vanity-chain-pouch "
,,,,Meta Ad Library,TRUE,"https://www.manfrimstore.com.br/products/necessaire-vanity-chain-pouch?_pos=3&_sid=691f17e69&_ss=r

Brazillian competitor found. Has been running it from September"
,,,,"Product name + ""powered by shrine""",TRUE,None
,,,,"Product name + ""my.shopify.com"" / ""Powered by Shopify""",TRUE,"All legit sellers besides one - https://ztujo.com/products/premium-high-end-version-of-purse-organizer-specially-for-lv-vantity-pm

And they're not running ads whatsoever"
,,,,,,
Conclusion,,,,,,
"Happy to run this product, literally only 1 person selling this product. No other compeition, late by 7 days. But they're baby scaling only 5-600k impression over 7 days (as of 14th Oct). They only have 3 creatives, so I can definitely make more / better. Can find very good creatives, by reverse image searching the product image on Google. ",,,,,,
,,,,,,
,,,,,,
Product Name,Adspy,Competition,First Appearance Date,Compeition Checklist,,Result
Starbucks Mug,https://www.pipiads.com/product-search/690e0ea8519fa1611388de6b/,https://www.veloraeco.com/products/glass-bearista-cold-cup-limited-edition?utm_source=tiktok&utm_medium=paid&utm_id=1848119832769698&utm_campaign=STARBIES&ttclid=E_C_P_CtUBBdJw4vxKPPS5eite0WNA42w6VTOwnqBk0XUVZaEd2Yperot2ZSIwOLLRHO_8vAQTszajTW53Qdgm0szbo_TGHDn2qdCAbDeEewUUux7sBKXANlHutR6mZhsPqBu5cnbbiaywwZjDXfnJ_R0k6bh42r68dhlbJ-URgvvQXMhg96AbxLs7ZflZrE2O8emHe4PgXXNqTdBSYkbCcGrkzwxtTiGU3jMAkQWqDHYVNZ_TmmD4G1BujB2_WGUc8FwTLC5oum5IAWlQjAXfh1yCv4zcIaBnEcMREgR2Mi4w,Eariest seller I can find is 7th Nov - writing this on the 8th of Nov.,"Search keyword on Ads / Products section on Pipiads
",TRUE,
,https://www.pipiads.com/product-search/690e0f1d519fa1611388de76/,https://shopnorthandco.com/products/sb-bear-coffee-mug?utm_term=Ad+name2025-11-07+04%3A45%3A26&utm_source=tiktok&utm_medium=paid&utm_content=undefined&utm_campaign=11-7+%7C+Top+4+%7C+PC+%7C+V%2BFB&utm_id=1848123103129858&ttclid=E_C_P_Ct4BmiCaf5wDM9571-g4J64QYTSXkrsDnqbtCJ8of7TREpHQLDf1yj-6P8Ihvwr4R4F7d348QruaN3YuKAMAH_QgN3WRDE0tWZhdagQ3amLxi3izZyd9djHAXYYVdhxNgDhWRQaiMwxbIXrsd5bOfCOWVTv07Ksf0-HRLElR8I3l0T1eSc4tEbbBatsMMJG6jTv4UkQfXQzUvxSILHwBNllPkxj7fUg0SGgwqKybzNZ9a6yT6tmVW-YAZUCZgfkP0jRrhdW6srXH6x5xYUCSnqXz8rEJ4OlaR-oCHDmKH_N-EgR2Mi4w,,Image search on PiPi ADS (USE MULTIPLE IMAGES),TRUE,
,https://www.pipiads.com/product-search/690f3f100afd3e5437b5cc3e/,https://www.shopwestandco.com/products/starbucks-bear-cup?utm_medium=paid&utm_source=fb&utm_id=120234260886810145&utm_content=120234260886860145&utm_term=120234260886800145&utm_campaign=120234260886810145,,Image search on PiPi Products (USE MULTIPLE IMAGES),TRUE,
,https://www.pipiads.com/product-search/690e73fc519fa1611388e654/,https://voleve.com/products/barista-bear?utm_source=tiktok&utm_medium=paid&utm_id=1848157863075922&utm_campaign=barista+bear&ttclid=E_C_P_CtwBwKY4x0dAlCSzrBjfJQ4IEOOh4djWU_N0me8v8zs2dUJBhVrvMFCrOb4wmp_k4_bK1Oo3ykReBhcRLFHhu0GwU4kXeOjjFjVdy4EKRqkjBNjR7lCPVkmorfrjYBcUpwks2lrxUtzitHTp-rGDfrIbkbGn-zrGNZYhqX_uC_sFHcjwrCg5Tjc0fWKjRkFWhtvPgkagDqRFr7SS7z4ELzbJMW3hCjuD6pCuEm9N4DRhyriQ5tduOnPIFgj91PEl2kNetm16gGlXSHCyd12kKr8XQvpxdbZ0bcTAB2SM_RIEdjIuMA,,Google image search,TRUE,
,https://www.pipiads.com/product-search/690f6fec0afd3e5437b5d1fa/,https://northstars.store/products/bear-coffee-mug?utm_source=tiktok&utm_medium=paid&utm_id=1848106497313874&utm_content=Ad+group+20251106062524&utm_campaign=+CUP+SPC+D1+4&utm_term=Best+purchase+EVER+%23fyp&ttclid=E_C_P_CtwBpqSkaZ-i3BzQZQd5tELVhBWlTNPQ52D4Zsb6_4HCoPnqFY3O3atxzvPUywQqkJv8BJtMAFiOY0e0OgZqir_3GOpi-qY9dpfauEf-RniaMVFFZXri9lfR2EHJh8aIVxf7t403b9KaoURmZpyaXfms5JUQDpUTn-N5mlTu1xvyg5bNddwKWGFlEz99yoUhHE2FN4Ka7Wq_GKigpMzZDbgy5U8gMZfAjO0MNPEbHJIOAuO2At3eSJZ9xS4zSd8O5DU54HZgBVLY0TAgDX-88n5AcKsbD62pmPACC-VUWxIEdjIuMA,,Meta Ad Library,TRUE,
,,,,"Product name + ""powered by shrine""",TRUE,
,,,,"Product name + ""my.shopify.com"" / ""Powered by Shopify""",TRUE,
,,,,,,
Conclusion,,,,,,
,,,,,,
,,,,,,
Product Name,Adspy,Competition,First Appearance Date,Compeition Checklist,,Result
Apple x Issey Miyake,,https://www.apple.com/shop/product/hs8r2zm/a/iphone-pocket-by-issey-miyake-short-lemon,,"Search keyword on Ads / Products section on Pipiads
",TRUE,
,https://www.pipiads.com/product-search/69172bf9b4526458dce2513c/,https://www.phonepocket.shop/products/phone-pocket?utm_source=tiktok&utm_medium=paid&utm_id=1848726023125090&utm_campaign=Copy+1+of+Phone+pocket&ttclid=E_C_P_CtcBoAXxfo7mOdpeuOBqHuIb_08JevygMT4UoT03Hy3430XPuUGtNXyZmi02_d5jUCJHGHtCpfXoQJicu80lqPGMgoz3gMtGMs9JQ8ntmMwdMnxdglt19bb472PPslmL99IEFTPJgLPopVcW3m9U0nZdjgZEUhVP9CC1SzHQlLEUawsSSw41vaF3dBnKgBR9teFsZ0jtdY_T9eca4yZUA7i6PB_kODPT0buleRRUibfcMA_z39a-na-tXHYUzVYl3MMsVXVYcAfjQbcVIyNzkyHVuGxSK6c7zogSBHYyLjAA,Only seller as of 15/11 and they launched 14/11 - horrible ad. Overpriced as well,Image search on PiPi ADS (USE MULTIPLE IMAGES),TRUE,
,,,,Image search on PiPi Products (USE MULTIPLE IMAGES),TRUE,
,,,,Google image search,TRUE,
,,,,Meta Ad Library,TRUE,
,,,,"Product name + ""powered by shrine""",TRUE,
,,,,"Product name + ""my.shopify.com"" / ""Powered by Shopify""",TRUE,
,,,,,,
Conclusion,,,,,,
Literally 0 comp. Writing this of 15/11 - and it was released literally yesterday.,,,,,,
,,,,,,
,,,,,,
Product Name,Adspy,Competition,First Appearance Date,Compeition Checklist,,Result
Supreme Black Track Jacket,https://www.pipiads.com/advertiser-analysis/68ba59cf14d9b0b8bdb752e2/,https://sofly.shop/products/supreme-umbro-track-jacket?ttclid=E_C_P_Ct0BbxRfIRQ_P4MUAbdpfbYWJoMe8IbiwoNjQjzLPiwYHkJKj0cTthmQOhoiBK5moIKOsU101Rmr2Ucbq0hT7J0zPbNC8EmFoeZHlySOe6kmCdCMezj4Pzi_VBfnq9ozmd0zyytN-GliVG_Y8PfUpV_0pdYPZ8ks0iReBicE0Mp5sHpHD65CwNCyi9zijZyNQsS4GjCf58eZXWV76XEBnG5xNuAQZjiyqG3A9mDJPZx3R0f2KCeJMaWF3bQnIT4dA304BPwZCRFzZt0JEM7TimF2_I5fn8HOO7q7Y1W5HTkSBHYyLjA,"Writing this on the 17th Nov, this product was created on the 15th November, only running one 1 ad 280k Impressions.","Search keyword on Ads / Products section on Pipiads
",TRUE,No other sellers
,,,,Image search on PiPi ADS (USE MULTIPLE IMAGES),TRUE,No other sellers
,,,,Image search on PiPi Products (USE MULTIPLE IMAGES),TRUE,No other sellers
,,,,Google image search,TRUE,No other sellers
,,,,Meta Ad Library,TRUE,No other sellers
,,,,"Product name + ""powered by shrine""",TRUE,No other sellers
,,,,"Product name + ""my.shopify.com"" / ""Powered by Shopify""",TRUE,No other sellers
,,,,,,
Conclusion,,,,,,
"I'm happy to test this product mainly because of no competition, there's only 1 ad from this seller, but I can find a few more via TikTok to test with.",,,,,,
,,,,,,
,,,,,,
Product Name,Adspy,Competition,First Appearance Date,Compeition Checklist,,Result
Hello Kitty Stanley,https://www.pipiads.com/advertiser-analysis/64ceb8b5a1b892646660b5b5/,https://www.goodchoyice.com/products/hello-kitty-sweet-hearts-40-oz-car-cup?utm_source=tiktok&utm_medium=paid&utm_id=1848866566158482&utm_campaign=11.155_5&ttclid=E_C_P_Ct0B7daZzkW-8VWUdNT5XZdu-kyWKxuIMh0QNUeW6OBTA3BInRd5qbyFOHfPrGhvrfOEI07wmEDEq-SPGcIGblmTe-ZjG3E1J2FrvRCF6pvCpEl2P6YAVx3nqIE-9gIyGjnKsivd2gaKPaFy-BHneKbnW4eb0x38bTlbojZAP0LFj6rOnfuw7bcFT3wipz8cg084S_e1VXOFiiVdM-FFeRO2jFRz27aCdi7vB_C8P81Gaa7HWn5Hp5c9kHdKY14hEIGN_b6fDBWbrcXT7QTGD_LPKGJxAyu1liwClErEYmYSBHYyLjA,"Writing this on the 17th Nov, product was created on the 14th of Nov. 414k Impressions.","Search keyword on Ads / Products section on Pipiads
",TRUE,"There was a few variants being sold a while back by IceKoo, however nothing that is the exact same variant of this one"
,,https://inkawaiishop.com/products/hello-kitty-sweet-hearts-40-oz-car-cup-gift-box-set,Found on google image search,Image search on PiPi ADS (USE MULTIPLE IMAGES),TRUE,No other sellers
,,,,Image search on PiPi Products (USE MULTIPLE IMAGES),TRUE,No other sellers
,,,,Google image search,TRUE,"Managed to find one other seller, but they're not running ads to anything:

https://inkawaiishop.com/products/hello-kitty-sweet-hearts-40-oz-car-cup-gift-box-set"
,,,,Meta Ad Library,TRUE,No other sellers
,,,,"Product name + ""powered by shrine""",TRUE,No other sellers
,,,,"Product name + ""my.shopify.com"" / ""Powered by Shopify""",TRUE,No other sellers
,,,,,,
Conclusion,,,,,,
"Tumblers are proven to sell, however - there's alot of variants for this product, which have mostly sold well. Early to this specific variant, not believe there's much content on this product - and it's not riding on a trend. So we'll see how this test goes.",,,,,,
,,,,,,
,,,,,,
Product Name,Adspy,Competition,First Appearance Date,Compeition Checklist,,Result
NYC Christmas Hoodie,https://www.pipiads.com/advertiser-analysis/68dfcff114d9b0b8bdaa27f7/,https://sykward.com/products/%F0%9D%97%A1%F0%9D%97%AC%F0%9D%97%96-%F0%9D%97%96%F0%9D%97%9B%F0%9D%97%A5%F0%9D%97%9C%F0%9D%97%A6%F0%9D%97%A7%F0%9D%97%A0%F0%9D%97%94%F0%9D%97%A6-%F0%9D%97%9B%F0%9D%97%A2%F0%9D%97%A2%F0%9D%97%97%F0%9D%97%9C%F0%9D%97%98?ttclid=E_C_P_Ct0B1QEk_FaYmzQBM_OOsmw7pdZMJpSmtOHSqExpuqgQicD_GIi0-zgT9di9CpQ1f3eUDS8E2VddvXkO0NJo9wIsRQFh-BYc0nEWeQS8Ve2VoB5kZTv1IggPe-pL_7Zt7j9afkoGwUzHDzfX1cOPB9g7Dw_YQOo9YHx6-JF_2Zrozja-7dPW65fftusiaWI1iPnIDkjkj5vEL7sIWmZ-RdWGHIAqMIdz38kNqj5rO_cs5-SJORwHMq5DqyYXqwxvkhKLf0i-DSwK_0hkxp0g5tokCvWfdjGkkBdpKa4pRbkSBHYyLjA,"Writing on 17th November, only 1 seller so far - no other comp","Search keyword on Ads / Products section on Pipiads
",TRUE,No other sellers
,,https://undrgrndcollective.com/products/nyc-christmas,Original Seller maybe? Not running ads,Image search on PiPi ADS (USE MULTIPLE IMAGES),TRUE,No other sellers
,,https://sierralla.com/nl/products/new-york-christmas-hoodie,Some other seller. Not running ads,Image search on PiPi Products (USE MULTIPLE IMAGES),TRUE,No other sellers
,,,,Google image search,TRUE,"https://undrgrndcollective.com/products/nyc-christmas 
Original Seller maybe? Not running ads

https://sierralla.com/nl/products/new-york-christmas-hoodie 
Some other seller. Not running ads"
,,,,Meta Ad Library,TRUE,No other sellers
,,,,"Product name + ""powered by shrine""",TRUE,No other sellers
,,,,"Product name + ""my.shopify.com"" / ""Powered by Shopify""",TRUE,No other sellers
,,,,,,
Conclusion,,,,,,
"No comp, besides that one seller and they launched",,,,,,