Date Requested,Date Created,Ad account name,Ad account code,Email address added,Dedicated for:,Products running,Status,BIRCH Automation,Suspended Money Requested (as per our sheet),LFT Deposit (as per Oxwell dashboard), Fee (1%),LFT Deposit (excl. 1%),LFT Spend (as per TikTok dashboard),Expected Refund (LFT Deposit - LFT Spend)
,,TT-7,CCK-272277,"Refund@klystaa.com,annony15699@proton.me",,,Dead Account,,,$303.00,$3.03,$299.97,$0.00,$303.00
,,Tiktokad2,CCK-522493,"Refund@klystaa.com,annony15699@proton.me",,,Suspended,,"$1,559.22","$62,597.09",$625.97,"$61,971.12","$48,103.55","$14,493.54"
,,TT-9,CCK-867678,annony15699@proton.me,,,Suspended,,$273.52,$303.00,$3.03,$299.97,$26.48,$276.52
,,TT-10,CCK-032516,"Refund@klystaa.com,annony15699@proton.me",,,Suspended,,$11.95,$101.00,$1.01,$99.99,$88.05,$12.95
,,TT-11,CCK-468913,"Refund@klystaa.com,annony15699@proton.me",,,Suspended,,$0.00,"$32,421.00",$324.21,"$32,096.79","$32,100.00",$321.00
16-03,,TT-12,CCK-418178,"Refund@klystaa.com, annony15699@proton.me",N/A,,Dead Account,Yes,"236.82  , ($410.39)",$303.00,$3.03,$299.97,$63.47,$239.53
16-03,,TT-13,CCK-299472,"Refund@klystaa.com,annony15699@proton.me",,,Suspended,,$0.00,"$9,191.00",$91.91,"$9,099.09","$9,100.00",$91.00
16-03,17-03,TT-14,CCK-498683,"Refund@klystaa.com,annony15699@proton.me",,,Suspended,,"$1,047.32","$1,010.00",$10.10,$999.90,$52.68,$957.32
17-03,18-03,TT-15,CCK-061977,"Refund@klystaa.com,annony15699@proton.me",,,Suspended,,$457.27,"$8,566.74",$85.67,"$8,481.07","$7,143.54","$1,423.20"
18-03,18-03,TT-16,CCK-179944,"Refund@klystaa.com,annony15699@proton.me",,,Suspended,,$211.14,"$15,251.00",$152.51,"$15,098.49","$6,498.26","$8,752.74"
18-03,18-03,TT-17,CCK-703694,"Refund@klystaa.com,annony15699@proton.me",,,Suspended,,,,$0.00,$0.00,,
19-03,20-03,TT-18,CCK- 278917,"Refund@klystaa.com,annony15699@proton.me",,,Suspended,Yes,"6995.07 ,  ( $769.27)","$12,040.00",$120.40,"$11,919.60","$5,025.46","$7,014.54"
20-03,20-03,TT-19,CCK-806144,"Refund@klystaa.com,annony15699@proton.me",,,Suspended,,$808.47,,,,,
24-03,25-03,TT-20,CCK-890663,"Refund@klystaa.com,annony15699@proton.me",,,Suspended,,$54.40,,,,,
27-03,27-03,TT-21,CCK-887656,"Refund@klystaa.com,annony15699@proton.me",,,Suspended,,$93.37,,,,,
27-03,28-03,TT-22,CCK-540636,"Refund@klystaa.com,annony15699@proton.me",,,Suspended,,$94.09,,,,,
27-03,28-03,TT-23,CCK-540795,"Refund@klystaa.com,annony15699@proton.me",,,Suspended,,$93.56,,,,,
27-03,28-03,TT-24,CCK-849245,"Refund@klystaa.com,annony15699@proton.me",,,Suspended,,$94.20,,,,,
15-04,16-04,TT-25,CCK-785117,"Refund@klystaa.com,annony15699@proton.me",,,Dead Account,Yes,$322.51,,,,,
15-04,16-04,TT-26,CCK-759439,"Refund@klystaa.com,annony15699@proton.me",,,Dead Account,No,$72.25,,,,,
15-04,16-04,TT-27,CCK-974577,"Refund@klystaa.com,annony15699@proton.me",,,Dead Account,No,$68.02,,,,,
15-04,16-04,TT-28,CCK-229479,"Refund@klystaa.com,annony15699@proton.me",Testing,"Trunk Horror Prop, The Freaky Nikki Costume, Bling Ghostface Collection, Skull Candle Warmer, Swinging Ghost Decor, Coffee Photo Printer + 4 Stencil Set, Winking Spidey Mask",Warmed-up & Ready,No,$68.26,"1,000 26-9",,,,
15-04,16-04,TT-29,CCK-188913,"Refund@klystaa.com,annony15699@proton.me",,,Warmed-up & Ready,No,$71.68,,,,,
15-04,21-04,TT-30,CCK-126254,"Refund@klystaa.com,annony15699@proton.me",,,,No,$100.1,,,,,
15-04,21-04,TT-31,CCK-646282,"Refund@klystaa.com,annony15699@proton.me",,,,No,,,,,,
15-04,21-04,TT-32,CCK-641870,"Refund@klystaa.com,annony15699@proton.me",,,,No,,,,,,
15-04,21-04,TT-33,CCK-838059,"Refund@klystaa.com,annony15699@proton.me",,,,No,,,,,,
15-04,21-04,TT-34,CCK-094560,"Refund@klystaa.com,annony15699@proton.me",,,,No,,,,,,